Timestamp,ECG,Internal Clock,Stimulus,Annotation
-1.9970059394836424,63.331659331026486,-1.9980034828186035,,
-1.895789623260498,63.77767718626565,-1.9980034828186035,,
-1.777001142501831,60.028724512404295,-1.9980034828186035,,
-1.6742312908172607,60.672402224058445,-1.9980034828186035,,
-1.5244419574737549,61.587633751907305,-1.9980034828186035,,
-1.4191303253173828,62.19937123476881,-1.9980034828186035,,
-1.3145520687103271,62.768809930995175,-1.9980034828186035,,
-1.14402174949646,63.5908549475547,-1.9980034828186035,,
-1.0196824073791504,64.08854544214608,-0.2422220706939697,,
-0.904900312423706,60.50742143409963,-0.2422220706939697,,
-0.7685155868530273,61.34832469324046,-0.2422220706939697,,
-0.6578352451324463,62.00281107837845,-0.2422220706939697,,
-0.5482409000396729,62.61279869933529,-0.2422220706939697,,
-0.4235138893127441,63.24620964892787,-0.2422220706939697,,
-0.3050572872161865,63.7743108645148,-0.2422220706939697,,
-0.189967393875122,60.00035285949678,-0.2422220706939697,,
-0.0727927684783935,60.73392093362671,-0.2422220706939697,,
0.0601427555084228,54.42317953072435,-0.2422220706939697,,High Variability in EEG
0.177394151687622,68.8590256305411,-0.2422220706939697,,High Variability in EEG
0.2834103107452392,61.80920919465675,-0.2422220706939697,,High Variability in EEG
0.3944132328033447,70.94896432593916,-0.2422220706939697,,High Variability in EEG
0.5083010196685791,58.91984392247904,-0.2422220706939697,,High Variability in EEG
0.6138825416564941,69.80516112030409,-0.2422220706939697,,High Variability in EEG
0.7322447299957275,69.48272350732722,-0.2422220706939697,,High Variability in EEG
0.8667688369750977,68.30888514237574,-0.2422220706939697,,High Variability in EEG
0.9772090911865234,55.00228414600453,1.980236530303955,,High Variability in EEG
1.0833487510681152,62.82390064785442,1.980236530303955,,High Variability in EEG
1.1944668292999268,63.370707978679086,1.980236530303955,,High Variability in EEG
1.305429220199585,63.85127526322372,1.980236530303955,,High Variability in EEG
1.4190759658813477,60.1102596545602,1.980236530303955,,High Variability in EEG
1.5258231163024902,60.77780883179136,1.980236530303955,,High Variability in EEG
1.643380880355835,61.49633143570001,1.980236530303955,,High Variability in EEG
1.7480385303497314,62.109049366369455,1.980236530303955,,High Variability in EEG
1.856440544128418,62.70515450237943,1.980236530303955,,High Variability in EEG
1.964705228805542,63.25048351943579,1.980236530303955,,High Variability in EEG
2.1069250106811523,63.87409983055743,1.980236530303955,,High Variability in EEG
2.2179155349731445,60.12951117503007,1.980236530303955,,High Variability in EEG
2.3900952339172363,55.374153079825454,1.980236530303955,,High Variability in EEG
2.500173568725586,61.85739453437312,1.980236530303955,,High Variability in EEG
2.613281011581421,62.49626345632191,1.980236530303955,,High Variability in EEG
2.7205185890197754,63.05568008556767,1.980236530303955,,High Variability in EEG
2.865612745285034,63.72263361641805,1.980236530303955,,High Variability in EEG
2.97513747215271,64.14539502091296,1.980236530303955,,High Variability in EEG
3.132005214691162,60.8684942956186,4.222274541854858,,High Variability in EEG
3.2422399520874023,61.540091704782114,4.222274541854858,,High Variability in EEG
3.3518261909484863,62.17851648738639,4.222274541854858,,High Variability in EEG
3.461038827896118,62.773739353339465,4.222274541854858,,High Variability in EEG
3.899307012557984,60.69179338040475,4.222274541854858,,High Variability in EEG
4.019420385360718,61.42852947918844,4.222274541854858,,High Variability in EEG
4.124046564102173,63.58323820125678,4.222274541854858,,High Variability in EEG
4.237220525741577,57.672974971991856,4.222274541854858,,High Variability in EEG
4.3479650020599365,63.2310368705885,4.222274541854858,,High Variability in EEG
4.458509206771851,63.72827869066835,4.222274541854858,,High Variability in EEG
4.569056272506714,64.15370034448291,4.222274541854858,,High Variability in EEG
4.679412364959717,60.59415990589181,4.222274541854858,,High Variability in EEG
4.788900136947632,61.2694505429256,4.222274541854858,,High Variability in EEG
4.928473711013794,62.09386241774945,4.222274541854858,,High Variability in EEG
5.046537160873413,62.74202760782514,4.222274541854858,,High Variability in EEG
5.154194116592407,63.28088619721684,4.222274541854858,,High Variability in EEG
5.272714853286743,63.80443614663202,6.316978216171265,,High Variability in EEG
5.377481698989868,64.19742054773049,6.316978216171265,,High Variability in EEG
5.492282152175903,60.70066586175766,6.316978216171265,,High Variability in EEG
5.599761247634888,64.14916152466792,6.316978216171265,,High Variability in EEG
5.7474400997161865,62.22527857762697,6.316978216171265,,High Variability in EEG
5.864515066146851,62.85760179123064,6.316978216171265,,High Variability in EEG
5.972248315811157,63.38522210055773,6.316978216171265,,High Variability in EEG
6.096720457077026,63.9171179401338,6.316978216171265,,High Variability in EEG
6.241942405700684,57.34438780199535,6.316978216171265,,High Variability in EEG
6.356142044067383,59.415990110800735,6.316978216171265,,High Variability in EEG
6.46222448348999,61.7588501080531,6.316978216171265,,High Variability in EEG
6.573018789291382,62.39137594170159,6.316978216171265,,High Variability in EEG
6.683017730712891,68.06894125319857,6.316978216171265,,High Variability in EEG
6.794238567352295,63.50458504980804,6.316978216171265,,High Variability in EEG
6.931659936904907,64.06524830979012,6.316978216171265,,High Variability in EEG
7.033602714538574,60.3869950727158,6.316978216171265,,High Variability in EEG
7.143841505050659,61.07165215469113,6.316978216171265,,High Variability in EEG
7.271006345748901,61.83511353833314,8.185119867324829,,High Variability in EEG
7.393430709838867,62.52615343572346,8.185119867324829,,High Variability in EEG
7.507214784622192,63.11524443643778,8.185119867324829,,High Variability in EEG
7.665182590484619,63.82532693449502,8.185119867324829,,High Variability in EEG
7.783023357391357,60.09612444890056,8.185119867324829,,High Variability in EEG
7.893132925033569,66.4034189961567,8.185119867324829,,High Variability in EEG
8.038341283798218,61.66775534985239,8.185119867324829,,High Variability in EEG
8.154855489730835,62.33760374049516,8.185119867324829,,High Variability in EEG
8.26644515991211,62.932423292289336,8.185119867324829,,High Variability in EEG
8.3832266330719,63.493088518184535,8.185119867324829,,High Variability in EEG
8.495299100875854,63.96067176883137,8.185119867324829,,High Variability in EEG
8.618147373199463,60.34309822607165,8.185119867324829,,High Variability in EEG
8.731256246566772,61.04626341545311,8.185119867324829,,High Variability in EEG
8.907485961914062,62.09465479712585,8.185119867324829,,High Variability in EEG
9.021464347839355,61.18116622769354,8.185119867324829,,High Variability in EEG
9.178283214569092,63.48985787729802,10.088051557540894,,High Variability in EEG
9.291940927505491,63.963994503638105,10.088051557540894,,High Variability in EEG
9.398422718048096,60.24588438623091,10.088051557540894,,High Variability in EEG
9.541195631027222,61.13312204812094,10.088051557540894,,High Variability in EEG
9.657033681869509,61.82753288934816,10.088051557540894,,High Variability in EEG
9.778122425079346,62.51186666020863,10.088051557540894,,High Variability in EEG
9.88286519050598,63.057540471828666,10.088051557540894,,High Variability in EEG
10.008394956588743,63.64106377463815,10.088051557540894,,High Variability in EEG
10.118822813034058,64.08006134994444,10.088051557540894,,High Variability in EEG
10.227609872817991,60.455289163166015,10.088051557540894,,High Variability in EEG
10.340378522872925,61.15396918403689,10.088051557540894,,High Variability in EEG
10.449450969696043,61.807881014680696,10.088051557540894,,High Variability in EEG
10.559176445007324,71.7238814129516,10.088051557540894,,High Variability in EEG
10.68484878540039,64.65677315992217,10.088051557540894,,High Variability in EEG
10.79748010635376,63.61212795643637,10.088051557540894,,High Variability in EEG
10.919257640838625,64.09691625412046,10.088051557540894,,High Variability in EEG
11.100653886795044,60.93586475880373,12.029755115509031,,High Variability in EEG
11.21019172668457,61.60096392768848,12.029755115509031,,High Variability in EEG
11.319762706756592,62.2359623966719,12.029755115509031,,High Variability in EEG
11.432129383087158,62.843102497403024,12.029755115509031,,High Variability in EEG
11.538847923278809,63.367503516343625,12.029755115509031,,High Variability in EEG
11.65322232246399,63.86215912460795,12.029755115509031,,High Variability in EEG
11.775590896606444,60.18213056683868,12.029755115509031,,High Variability in EEG
11.885738611221312,60.869802069411925,12.029755115509031,,High Variability in EEG
11.99229621887207,61.51936107719635,12.029755115509031,,High Variability in EEG
12.111260652542114,62.21189474756211,12.029755115509031,,High Variability in EEG
12.219184160232544,62.7978636204942,12.029755115509031,,High Variability in EEG
12.325889587402344,63.32674087279059,12.029755115509031,,High Variability in EEG
12.44534683227539,63.84755354795425,12.766436576843262,,High Variability in EEG
12.562321186065674,60.12533067143711,12.766436576843262,,High Variability in EEG
12.672496557235718,60.81395821591358,12.766436576843262,,High Variability in EEG
12.78165864944458,65.78311874470286,12.78165864944458,,High Variability in EEG
12.895443201065063,62.14634020452566,12.78165864944458,,High Variability in EEG
13.000478506088257,62.72199965281326,13.047487735748293,,High Variability in EEG
13.110718488693236,63.27508555361098,13.063493490219116,,High Variability in EEG
13.219235897064207,63.75828932306845,13.235280275344849,,High Variability in EEG
13.34337568283081,60.03285384378481,13.266731262207031,,High Variability in EEG
13.453123331069946,60.19996918368268,13.453123331069946,,High Variability in EEG
13.562272787094116,61.38968248198599,13.640807628631592,,High Variability in EEG
13.687811136245728,62.12698788981454,13.687811136245728,,High Variability in EEG
13.79744005203247,62.72825236161011,13.844971656799316,,High Variability in EEG
13.908329010009766,63.28379260535439,13.875295400619509,,High Variability in EEG
14.017504930496216,63.76860843877125,14.047510147094728,,High Variability in EEG
14.119181871414185,64.15659798237812,14.079151153564451,,High Variability in EEG
14.22171664237976,53.20701393559735,14.251780033111572,,High Variability in EEG
14.33034348487854,61.22166090351674,14.31333613395691,,High Variability in EEG
14.439892530441284,61.87545426559049,14.45589566230774,,High Variability in EEG
14.55700397491455,62.5348289735756,14.518498659133911,,High Variability in EEG
14.659539222717283,63.06760047345871,14.659539222717283,,High Variability in EEG
14.771194696426392,72.60813659900006,14.690653562545776,,High Variability in EEG
14.87984561920166,64.02997938559307,14.87984561920166,,High Variability in EEG
14.990390539169312,60.380983274544974,14.895853281021118,,High Variability in EEG
15.102045059204102,70.3868105167462,15.117457628250122,,High Variability in EEG
15.22898006439209,52.45989292604649,15.149460792541504,,High Variability in EEG
15.330546140670776,60.71328750737493,15.338545799255373,,High Variability in EEG
15.43308973312378,60.44986671007205,15.35454487800598,,High Variability in EEG
15.543628454208374,67.99733169215791,15.543628454208374,,High Variability in EEG
15.652707815170288,72.15041891593503,15.731185913085938,,High Variability in EEG
15.763291835784912,53.72636883553469,15.763291835784912,,High Variability in EEG
15.88084077835083,57.97223617808893,15.953807830810549,,High Variability in EEG
15.989895582199097,59.84079869225474,15.989895582199097,,High Variability in EEG
16.10042953491211,62.26972179926168,16.160090923309326,,High Variability in EEG
16.22386145591736,62.9307391231972,16.19133186340332,,High Variability in EEG
16.333375215530396,63.45876967979955,16.38149094581604,,High Variability in EEG
16.445018768310547,63.92968644432191,16.42201566696167,,High Variability in EEG
16.55466628074646,60.20992544030834,16.569663763046265,,High Variability in EEG
16.67830729484558,60.98045327660547,16.601256132125854,,High Variability in EEG
16.792125463485718,69.31315428525089,16.792125463485718,,High Variability in EEG
16.901669025421143,62.30026125777572,16.834651708602905,,High Variability in EEG
17.064164400100708,63.15271233845732,17.064164400100708,,High Variability in EEG
17.16972589492798,63.63829948976097,17.217387199401855,,High Variability in EEG
17.28173828125,64.08348316722083,17.2483868598938,,High Variability in EEG
17.393354892730713,60.47888905973224,17.42293095588684,,High Variability in EEG
17.501994609832764,61.15179075825243,17.45398235321045,,High Variability in EEG
17.61207938194275,61.81172153351402,17.628074169158936,,High Variability in EEG
17.738651037216187,62.52696199474802,17.665132999420166,,High Variability in EEG
17.839253187179565,63.050778719651255,17.835251331329346,,High Variability in EEG
17.947940587997437,66.70419129654967,17.87142777442932,,High Variability in EEG
18.05554986000061,64.00230334350151,18.05554986000061,,High Variability in EEG
18.16523718833924,60.32926556348248,18.243829488754272,,High Variability in EEG
18.306424379348755,61.204639961575005,18.2989194393158,,High Variability in EEG
18.418981313705444,61.876707330389294,18.44898104667664,,High Variability in EEG
18.529036045074463,53.40360746739877,18.51203155517578,Visual,High Variability in EEG
18.63927721977234,70.52620921594185,18.65527296066284,Visual,High Variability in EEG
18.74981427192688,56.34746705885118,18.68727231025696,Visual,High Variability in EEG
18.85035824775696,58.5988519687462,18.86135315895081,Visual,High Variability in EEG
18.95503830909729,59.53384063319548,18.892508268356323,Visual,High Variability in EEG
19.06659293174744,66.56088934259618,19.06659293174744,Visual,High Variability in EEG
19.17813420295716,53.06605304597815,19.11112904548645,Visual,High Variability in EEG
19.287669897079468,72.00023709568943,19.31897139549256,Visual,High Variability in EEG
19.404969930648804,57.3287739897665,19.338972091674805,Visual,High Variability in EEG
19.509401559829712,73.19245812435841,19.509401559829712,Visual,High Variability in EEG
19.62188696861267,67.48884699592001,19.573368787765503,Visual,High Variability in EEG
19.722445726394653,65.86294348598581,19.728446006774902,Visual,High Variability in EEG
19.823973894119263,65.63692869466148,19.750444650650024,Visual,High Variability in EEG
19.933735847473145,61.89547339922382,19.933735847473145,Visual,High Variability in EEG
20.04427146911621,61.59531190335592,20.10535168647766,Visual,High Variability in EEG
20.15994691848755,71.12391687270097,20.12695288658142,Visual,High Variability in EEG
20.263474702835083,68.0523648313497,20.293906927108765,Visual,High Variability in EEG
20.37347173690796,57.51285377160619,20.32541251182556,Visual,High Variability in EEG
20.48519492149353,64.15595253794903,20.48519492149353,,High Variability in EEG
20.593786478042603,59.767832279053465,20.5157790184021,,High Variability in EEG
20.7043240070343,61.2690216101514,20.719649076461792,,High Variability in EEG
20.81434392929077,61.92342467218298,20.75082302093506,,High Variability in EEG
20.92460608482361,62.54243090119978,20.92460608482361,,High Variability in EEG
21.03738284111023,63.12505500692429,20.98971581459045,,High Variability in EEG
21.14520740509033,63.62364760778959,21.14520740509033,,High Variability in EEG
21.256892442703247,64.06995267285878,21.19418501853943,,High Variability in EEG
21.38577127456665,60.563516026793074,21.54086947441101,,High Variability in EEG
21.4932827949524,61.22755309627785,21.54086947441101,,High Variability in EEG
21.60478520393372,61.89244841225749,21.57280731201172,,High Variability in EEG
21.7158682346344,62.5179764601854,21.74686098098755,,High Variability in EEG
21.81645703315735,63.042460647407,21.78590559959412,,High Variability in EEG
21.922988414764404,63.54482711849238,21.95119071006775,,High Variability in EEG
22.02979421615601,63.984802798896006,21.98820161819458,,High Variability in EEG
22.140258073806763,57.27803086766179,22.156257152557373,,High Variability in EEG
22.26808500289917,61.09939840620456,22.187529802322388,,High Variability in EEG
22.377607822418213,55.98805934894542,22.377607822418213,,High Variability in EEG
22.48926877975464,62.39554365074203,22.584784746170044,,High Variability in EEG
22.6007936000824,62.98511604714535,22.6007936000824,,High Variability in EEG
22.71159720420837,63.51292999854847,22.790688276290894,,High Variability in EEG
22.84036946296692,64.04028095189769,22.82236862182617,,High Variability in EEG
22.94889664649964,60.38573760958829,22.996914386749268,,High Variability in EEG
23.060443878173828,61.078451151895706,23.060443878173828,,High Variability in EEG
23.170995235443115,61.74414726649649,23.20201563835144,,High Variability in EEG
23.281837463378903,62.37784276180918,23.233843326568604,,High Variability in EEG
23.400471210479736,63.00475359047682,23.233843326568604,,High Variability in EEG
23.518529891967773,60.89236184556126,23.61506509780884,,High Variability in EEG
23.631065845489506,64.02140189663523,23.631065845489506,,High Variability in EEG
23.74260711669922,60.37280501016015,23.67906165122986,,High Variability in EEG
23.852230310440063,61.053969732982985,23.852230310440063,,High Variability in EEG
23.96478819847107,61.73247146198951,24.027302026748657,,High Variability in EEG
24.091222524642944,62.452717899851294,24.058401584625244,,High Variability in EEG
24.20156240463257,63.03138445028202,24.23209929466248,,High Variability in EEG
24.310332536697388,63.54491623319871,24.28027558326721,,High Variability in EEG
24.42139267921448,64.00096678787145,24.43639087677002,,High Variability in EEG
24.53193211555481,60.33238200280277,24.46838998794556,,High Variability in EEG
24.64347982406616,61.02615793358062,24.64347982406616,,High Variability in EEG
24.76106762886048,61.7354456456756,24.674479484558105,,High Variability in EEG
24.864601850509644,62.32914175715688,24.864601850509644,,High Variability in EEG
24.97621440887451,62.924784465191856,24.91413450241089,,High Variability in EEG
25.11916732788086,63.60230625946184,25.11216115951538,,High Variability in EEG
25.227722644805908,64.04038909850533,25.25872302055359,,High Variability in EEG
25.338428735733032,60.39956833647505,25.30982518196106,,High Variability in EEG
25.44997811317444,61.09200796140867,25.46529531478882,,High Variability in EEG
25.573964834213257,61.83593187745432,25.496424198150635,,High Variability in EEG
25.68749165534973,62.47851603844859,25.7165744304657,,High Variability in EEG
25.795669317245483,63.04414803102396,25.74766516685486,,High Variability in EEG
25.9046003818512,63.55694099115812,25.91975998878479,,High Variability in EEG
26.013367652893063,64.00257055916872,25.94983196258545,,High Variability in EEG
26.12389278411865,60.33496069885708,26.12389278411865,,High Variability in EEG
26.237451791763306,61.04105213491793,26.18789386749268,,High Variability in EEG
26.344003438949585,65.70788015804473,26.344003438949585,,High Variability in EEG
26.455527305603027,62.32567268412092,26.535281658172607,,High Variability in EEG
26.600493669509888,63.0890576701965,26.56727647781372,,High Variability in EEG
26.710819959640503,63.6027559597792,26.740496158599854,,High Variability in EEG
26.82053279876709,64.04504966358307,26.77248692512512,,High Variability in EEG
26.93107652664185,60.40644809668956,26.94708251953125,,High Variability in EEG
27.042771100997925,61.099630988715575,26.97918939590454,,High Variability in EEG
27.15328049659729,61.76422090067734,27.15328049659729,,High Variability in EEG
27.26947045326233,62.42611220909136,27.1852810382843,,High Variability in EEG
27.373990774154663,60.31708883614113,27.373990774154663,,High Variability in EEG
27.484533309936523,69.70701798486871,27.56306481361389,,High Variability in EEG
27.59316849708557,70.82087113395757,27.5981547832489,,High Variability in EEG
27.71720027923584,60.34598099062141,27.8132107257843,,High Variability in EEG
27.82878541946411,61.039725226109695,27.82878541946411,,High Variability in EEG
27.939327239990234,61.706898457864256,28.002561569213867,,High Variability in EEG
28.05970311164856,62.39560643246701,28.03471088409424,,High Variability in EEG
28.162254095077515,62.93975278168813,28.20877695083618,,High Variability in EEG
28.273816347122192,63.47606382998641,28.240822553634644,,High Variability in EEG
28.382370948791504,63.93252548531971,28.413387298583984,,High Variability in EEG
28.492897272109985,60.22003456594539,28.444903135299683,,High Variability in EEG
28.60261058807373,60.9044483286976,28.61838722229004,,High Variability in EEG
28.719988346099854,61.61734092335506,28.66847825050354,,High Variability in EEG
28.823813676834103,62.21912755089674,28.823813676834103,,High Variability in EEG
28.924416303634644,62.7663477347643,28.855910539627075,,High Variability in EEG
29.028961658477783,63.288116231051255,29.028961658477783,,High Variability in EEG
29.14072299003601,63.78301697195424,29.061155319213867,,High Variability in EEG
29.241206884384155,64.1646306218957,29.234205961227417,,High Variability in EEG
29.345726251602173,55.654705749950985,29.30019807815552,,High Variability in EEG
29.45526576042176,61.253333370797584,29.45526576042176,,High Variability in EEG
29.56636118888855,61.91469539363456,29.64487266540528,,High Variability in EEG
29.70998954772949,62.712727404640674,29.70998954772949,,High Variability in EEG
29.823075771331787,63.28024926099855,29.85206794738769,,High Variability in EEG
29.93180537223816,63.763673251366136,29.883273363113403,,High Variability in EEG
30.042874097824097,56.09620683146059,30.09087300300598,,High Variability in EEG
30.154082775115967,51.60713914187682,30.13808560371399,,High Variability in EEG
30.264790058135983,67.71398255457845,30.29578828811645,,High Variability in EEG
30.375403881073,71.39330494396647,30.36032724380493,,High Variability in EEG
30.485063076019287,57.89159572053492,30.50106143951416,,High Variability in EEG
30.59857654571533,63.08160952888653,30.56457233428955,,High Variability in EEG
30.707113027572632,68.70211860777388,30.737648010253903,,High Variability in EEG
30.81765365600586,63.54506063481736,30.76964807510376,,High Variability in EEG
30.92705011367798,63.05693245519511,30.943055629730225,,High Variability in EEG
31.05372667312622,61.29532700717044,30.974207162857056,,High Variability in EEG
31.16627693176269,70.3585575431963,31.16627693176269,,High Variability in EEG
31.276927947998047,62.58155261767715,31.214289665222168,,High Variability in EEG
31.40275001525879,63.223572492464186,31.38677477836609,,High Variability in EEG
31.513553380966187,63.72284689191951,31.55965733528137,,High Variability in EEG
31.62442207336425,64.15028902755755,31.60871148109436,,High Variability in EEG
31.730897903442383,60.56386189875865,31.762900590896606,,High Variability in EEG
31.8425190448761,61.25290406541014,31.8265187740326,,High Variability in EEG
31.954057455062863,52.01635113065786,31.97006130218506,,High Variability in EEG
32.075575828552246,62.59699641919599,32.00006151199341,,High Variability in EEG
32.18962597846985,63.1806317478447,32.22016453742981,,High Variability in EEG
32.29968070983887,63.68211070797335,32.251675605773926,,High Variability in EEG
32.411217212677,64.11856031988651,32.42733287811279,,High Variability in EEG
32.52284097671509,60.5399335277824,32.49232530593872,,High Variability in EEG
32.633360624313354,61.222872314026,32.6493604183197,,High Variability in EEG
32.747822761535645,61.90518778475027,32.66536045074463,,High Variability in EEG
32.8484320640564,62.47288386971578,32.855432987213135,,High Variability in EEG
32.95401930809021,55.63174927232364,32.87148356437683,,High Variability in EEG
33.059566020965576,58.291977344489865,33.059566020965576,,High Variability in EEG
33.16828441619873,69.29718833674663,33.247833251953125,,High Variability in EEG
33.31027817726135,64.19848831764293,33.312278032302856,,High Variability in EEG
33.42333912849426,61.18752775973932,33.45234060287476,,High Variability in EEG
33.53191876411438,61.83714043152823,33.501349449157715,,High Variability in EEG
33.64255690574646,56.61519003865983,33.65854358673096,,High Variability in EEG
33.75313234329224,63.04273119551264,33.72307348251343,,High Variability in EEG
33.86462688446045,63.56699173943892,33.86462688446045,,High Variability in EEG
33.97814393043518,64.02888256777277,33.924147605896,,High Variability in EEG
34.087703227996826,60.37296192822938,34.087703227996826,,High Variability in EEG
34.200260639190674,61.07213653570184,34.10370373725891,,High Variability in EEG
34.3097779750824,61.73199284401601,34.32567000389099,,High Variability in EEG
34.42614150047302,62.39693310491571,34.35662531852722,,High Variability in EEG
34.53081059455872,62.95172778224018,34.54681158065796,,High Variability in EEG
34.642369985580444,63.48668932971326,34.56280875205994,,High Variability in EEG
34.74314498901367,63.91138880931759,34.73614525794983,,High Variability in EEG
34.85191869735718,60.17498018962797,34.77725291252136,,High Variability in EEG
34.95746922492981,60.83428758380036,34.95746922492981,,High Variability in EEG
35.06754803657532,61.50609678878202,34.9988648891449,,High Variability in EEG
35.18725252151489,62.20357974975472,35.16314935684204,,High Variability in EEG
35.29077792167664,62.767203656221206,35.35331082344055,,High Variability in EEG
35.41031622886658,63.35925966348165,35.41831183433533,,High Variability in EEG
35.5118420124054,63.80316417082105,35.55948853492737,,High Variability in EEG
35.62403631210327,52.70714463040957,35.59348177909851,,High Variability in EEG
35.724626541137695,60.65649897262712,35.78163027763367,,High Variability in EEG
35.83337759971619,61.325658884098296,35.83337759971619,,High Variability in EEG
35.93689560890198,61.93983641534375,35.98290061950684,,High Variability in EEG
36.049439430236816,62.57004583614918,36.01491189002991,,High Variability in EEG
36.1576874256134,63.1279221696201,36.1879243850708,,High Variability in EEG
36.27657699584961,63.67369424172837,36.22007060050965,,High Variability in EEG
36.38156867027283,64.08796482832263,36.45609259605408,,High Variability in EEG
36.50309109687805,60.54853196033419,36.47210097312927,,High Variability in EEG
36.61562967300415,61.24354692115211,36.676241636276245,,High Variability in EEG
36.73468780517578,61.9515139568034,36.73468780517578,,High Variability in EEG
36.85022592544556,62.597006606,36.928757190704346,,High Variability in EEG
36.978835105896,63.25068641703632,36.96975064277649,,High Variability in EEG
37.08829879760742,63.74092124884027,36.96975064277649,,High Variability in EEG
37.22837042808533,60.106693752202325,36.96975064277649,,High Variability in EEG
37.3977518081665,61.16028275796235,36.96975064277649,,High Variability in EEG
37.499279260635376,61.76967187427635,36.96975064277649,,High Variability in EEG
37.62176156044006,62.46567758962162,36.96975064277649,,High Variability in EEG
37.73281669616699,63.04677259540316,36.96975064277649,,High Variability in EEG
37.84433126449585,63.57064704332092,38.6515691280365,,High Variability in EEG
37.95886206626892,62.700912917111935,38.6515691280365,,High Variability in EEG
38.07738924026489,60.44067114913728,38.6515691280365,,High Variability in EEG
38.18191480636597,61.089194885508704,38.6515691280365,,High Variability in EEG
38.29544162750244,61.77195057898893,38.6515691280365,,High Variability in EEG
38.40697288513184,62.40772247065384,38.6515691280365,,High Variability in EEG
38.508522033691406,62.9458302078702,38.6515691280365,,High Variability in EEG
38.62004852294922,63.48130252913744,38.6515691280365,,High Variability in EEG
38.7310893535614,63.94663717049315,38.6515691280365,,High Variability in EEG
38.85861039161682,60.34951768982668,38.6515691280365,,High Variability in EEG
38.9731285572052,61.06120746261236,39.09869956970215,,High Variability in EEG
39.08264946937561,61.721514655053,39.09869956970215,,High Variability in EEG
39.19321298599243,62.3550467334353,39.09869956970215,,High Variability in EEG
39.30274152755737,62.93792999369449,39.37925052642822,,High Variability in EEG
39.438761472702026,63.58329438321241,39.37925052642822,,High Variability in EEG
39.5400550365448,63.99697956660403,39.37925052642822,,High Variability in EEG
39.65058755874634,60.32571123853595,39.88761305809021,,High Variability in EEG
39.77610731124878,61.10539590856884,39.88761305809021,,High Variability in EEG
39.88761305809021,61.775604100392,39.88761305809021,,High Variability in EEG
40.0022075176239,62.427990308834666,40.0926947593689,,High Variability in EEG
40.10869455337525,54.80226610380412,40.10869455337525,,High Variability in EEG
40.22483134269714,63.54050149685114,40.298853397369385,,High Variability in EEG
40.35440921783447,64.06601992797353,40.35340762138367,,High Variability in EEG
40.45543599128723,60.382578392791146,40.50243496894837,,High Variability in EEG
40.56497740745544,61.06304565290353,40.5279712677002,,High Variability in EEG
40.67553377151489,61.72938696734786,40.69153022766113,,High Variability in EEG
40.78633737564087,62.36377022052626,40.72375965118408,,High Variability in EEG
40.88683533668518,62.899894904616,40.89689469337464,,High Variability in EEG
40.99206590652466,63.411630668789066,40.92806315422058,,High Variability in EEG
41.10344886779785,63.88821392566646,41.10344886779785,,High Variability in EEG
41.21319961547852,60.14410169065812,41.13418626785278,,High Variability in EEG
41.3230094909668,60.83021578006624,41.3230094909668,,High Variability in EEG
41.43403935432434,61.507854064813785,41.51226997375488,,High Variability in EEG
41.56585240364075,62.27325817815352,41.55979490280152,,High Variability in EEG
41.67141389846802,62.84230226127967,41.75094246864319,,High Variability in EEG
41.81516003608704,64.63824725662954,41.782933950424194,,High Variability in EEG
41.92722463607788,63.99639649240624,41.957231283187866,,High Variability in EEG
42.02875304222107,60.26826607190397,41.98922944068909,,High Variability in EEG
42.12978911399841,60.89832052257863,42.16179060935974,,High Variability in EEG
42.24048209190369,61.571625042888456,42.19289588928223,,Dip in HRV
42.35094594955444,62.21328019886145,42.36607503890991,,Dip in HRV
42.4618284702301,62.8145318856168,42.39718508720398,,Dip in HRV
42.57124066352844,63.35437924786096,42.57124066352844,,Dip in HRV
42.68780970573425,67.28229949018474,42.603240728378296,,Dip in HRV
42.792495250701904,60.06712711844723,42.792495250701904,,Dip in HRV
42.90402913093567,60.76490226422121,42.8420193195343,,Dip in HRV
43.01197791099548,61.42610054635725,42.99691557884216,,Dip in HRV
43.12353110313416,62.08170896448456,43.18660569190979,,Dip in HRV
43.2511305809021,62.78082501824496,43.21861672401428,,Dip in HRV
43.36166739463806,63.32938492992427,43.39067316055298,,Dip in HRV
43.47019910812378,63.80565032244544,43.44719076156616,,Dip in HRV
43.58074617385864,60.01985544708196,43.596745014190674,,Dip in HRV
43.69128227233887,60.71194798786797,43.63527965545654,,Dip in HRV
43.80196213722229,63.21066000321211,43.80196213722229,,Dip in HRV
43.9291045665741,62.137526803721,43.849557876586914,,Dip in HRV
44.04066205024719,62.74813930834933,44.04066205024719,,Dip in HRV
44.15318465232849,63.30937980784958,44.07266139984131,,Dip in HRV
44.26083159446716,63.78461600931991,44.26083159446716,,Dip in HRV
44.37157201766968,64.20127181439521,44.45112991333008,,Dip in HRV
44.48630928993225,60.70729632583518,44.48230409622192,,Dip in HRV
44.59286284446716,61.3617502212514,44.655404567718506,,Dip in HRV
44.71357870101929,62.07312542148604,44.686567068099976,,Dip in HRV
44.8316650390625,62.72304352491643,44.86067199707031,,Dip in HRV
44.939459800720215,63.26440207736077,44.89193081855774,,Dip in HRV
45.05098676681519,68.53799136481132,45.06699013710022,,Dip in HRV
45.17925429344177,50.28549340685189,45.09915018081665,,Dip in HRV
45.287039041519165,63.99082722479002,45.287039041519165,,Dip in HRV
45.3991105556488,64.35490135946334,45.47869324684143,,Dip in HRV
45.50984144210816,53.00870546005908,45.50984144210816,,Dip in HRV
45.62137627601624,60.69048519413733,45.68307423591614,,Dip in HRV
45.73966455459595,62.41864539628781,45.74866032600403,,Dip in HRV
45.84223985671997,59.20596419938431,45.88924312591553,,Dip in HRV
45.955458879470825,56.64320455133241,45.95345139503479,,Dip in HRV
46.06819415092468,60.647133440542014,46.09619450569153,,Dip in HRV
46.20393824577332,61.479376170354605,46.20393824577332,,Dip in HRV
46.30549430847168,62.07521885703868,46.34922242164612,,Dip in HRV
46.415435552597046,62.68192040311491,46.381356954574585,,Dip in HRV
46.52997469902039,63.25947636188872,46.586546182632446,,Dip in HRV
46.63317584991455,63.72243942699736,46.586546182632446,,Dip in HRV
46.74768686294556,64.16267031241154,46.77568483352661,,Dip in HRV
46.855273723602295,60.59292179352944,46.80768013000488,,Dip in HRV
46.96375846862793,61.26214579558147,46.97975564002991,,Dip in HRV
47.0750789642334,61.92440614881118,47.0109920501709,,Dip in HRV
47.18586993217468,62.54620735238022,47.18586993217468,,Dip in HRV
47.29680299758911,63.11943300889375,47.22290587425232,,Dip in HRV
47.40648698806763,63.62673786736086,47.40648698806763,,Dip in HRV
47.517016649246216,64.06834138351977,47.45501303672791,,Dip in HRV
47.624698638916016,60.42823477034739,47.624698638916016,,Dip in HRV
47.73476409912109,61.1109709931265,47.79876399040222,,Dip in HRV
47.86229825019837,61.87468291062485,47.83078455924988,,Dip in HRV
47.97593331336975,62.515259095735246,48.00412583351135,,Dip in HRV
48.08429479598999,63.07859129128696,48.03630089759827,,Dip in HRV
48.19284081459045,65.33524931175309,48.20884394645691,,Dip in HRV
48.31050276756287,64.059965621463,48.2804970741272,,Dip in HRV
48.41502118110657,60.39409250067563,48.46154713630676,,Dip in HRV
48.52538251876831,61.079359079155246,48.49172163009644,,Dip in HRV
48.62691783905029,61.69181927194712,48.66653919219971,,Dip in HRV
48.732556104660034,62.29969602707017,48.73413133621216,,Dip in HRV
48.84270524978638,57.7493936833397,48.87278151512146,,Dip in HRV
48.952218532562256,63.42266365239104,48.90469694137573,,Dip in HRV
49.06373929977417,59.364578718922985,49.07974600791931,,Dip in HRV
49.19125962257385,60.27161810955414,49.14426493644714,,Dip in HRV
49.30188059806824,60.96079073714205,49.30188059806824,,Dip in HRV
49.41148805618286,61.62540605880458,49.490973711013794,,Dip in HRV
49.522035360336304,62.26450063825673,49.522035360336304,,Dip in HRV
49.63439416885376,62.86929353812293,49.71040749549866,,Dip in HRV
49.74390435218811,63.40388955174583,49.75889778137207,,Dip in HRV
49.85242509841919,64.1338425319087,49.90042781829834,,Dip in HRV
49.96396994590759,60.12682031376685,49.96196746826172,,Dip in HRV
50.07557940483093,60.8243163032954,50.10657238960266,,Dip in HRV
50.18709087371826,61.5050373229847,50.12957835197449,,Dip in HRV
50.29762148857117,62.15069111160478,50.29762148857117,,Dip in HRV
50.40815281867981,62.75492164506174,50.32864236831665,,Dip in HRV
50.52069735527039,70.13762187803374,50.55038619041443,,Dip in HRV
50.63174271583557,63.80390235933667,50.5817289352417,,Dip in HRV
50.73976969718933,60.00132799146999,50.75576639175415,,Dip in HRV
50.85849189758301,51.32785644291182,50.78692960739136,,High Variability in EEG
50.96303176879883,61.38574278923039,50.96303176879883,,High Variability in EEG
51.076637506484985,62.05516031250556,51.02912783622742,,High Variability in EEG
51.186166524887085,62.66111614980039,51.186166524887085,,High Variability in EEG
51.2957980632782,63.217229311512256,51.37471413612366,,High Variability in EEG
51.40591526031494,63.71442213351887,51.41390919685364,,High Variability in EEG
51.51845693588257,64.14912126940757,51.58099699020386,,High Variability in EEG
51.645689249038696,60.69116764227169,51.645689249038696,,High Variability in EEG
51.75422382354736,61.35805409017639,51.78622627258301,,High Variability in EEG
51.8647665977478,62.011272812484656,51.81722617149353,,High Variability in EEG
51.97629642486572,62.63102282121096,51.99229431152344,,High Variability in EEG
52.08695983886719,63.19498795217109,52.02343463897705,,High Variability in EEG
52.19760179519653,63.6971776618342,52.19760179519653,,High Variability in EEG
52.30738687515259,64.12496970525906,52.25837779045105,,High Variability in EEG
52.4079270362854,51.14520301375396,52.40191888809204,,High Variability in EEG
52.51247024536133,61.12969426759084,52.4744770526886,,High Variability in EEG
52.62412905693054,61.79978257128239,52.65367007255554,,High Variability in EEG
52.72447967529297,62.37219062841201,52.71848320960999,,High Variability in EEG
52.82802748680115,62.92324694117331,52.859657764434814,,High Variability in EEG
52.93927812576294,63.45997639820457,52.91973304748535,,High Variability in EEG
53.05002999305725,63.92725434503632,53.06515908241272,,High Variability in EEG
53.17576956748962,60.306973402391314,53.10015940666199,,High Variability in EEG
53.2873125076294,58.30218298620204,53.2873125076294,,High Variability in EEG
53.4049220085144,61.71164617355532,53.478562116622925,,High Variability in EEG
53.5357825756073,62.457619527138704,53.52578592300415,,High Variability in EEG
53.65148162841797,63.06254468377859,53.68255686759949,,High Variability in EEG
53.761149644851685,63.57646511009737,53.71356272697449,,High Variability in EEG
53.87161469459534,64.02554213091848,53.88761925697327,,High Variability in EEG
53.98319602012634,60.3800085929222,53.9366238117218,,High Variability in EEG
54.09370970726013,61.066497968395794,54.09370970726013,,High Variability in EEG
54.20832633972168,61.75660917533561,54.159324169158936,,High Variability in EEG
54.31591153144837,62.37153998312305,54.31591153144837,,High Variability in EEG
54.42754817008972,62.96373253666543,54.504732608795166,,High Variability in EEG
54.53573131561279,63.48215296872325,54.53573131561279,,High Variability in EEG
54.64623045921326,63.94527396107202,54.53573131561279,,High Variability in EEG
54.75596976280213,60.23577050304195,54.78790831565857,,High Variability in EEG
54.86741828918457,60.930648486726135,54.84341764450073,,High Variability in EEG
54.9789502620697,61.607801491544,54.9789502620697,,High Variability in EEG
55.09147000312805,62.25896158045382,55.01095032691956,,High Variability in EEG
55.20006394386292,62.84478303509047,55.20006394386292,,High Variability in EEG
55.31092619895935,63.38820560011583,55.3894350528717,,High Variability in EEG
55.44547986984253,62.97562116134981,55.42659664154053,,High Variability in EEG
55.56518912315369,60.32011296121265,55.60818791389465,,High Variability in EEG
55.67176413536072,60.98350638194369,55.65870761871338,,High Variability in EEG
55.78125596046448,61.64660401967609,55.79725337028504,,High Variability in EEG
55.89178323745728,62.28436559673179,55.83226656913757,,High Variability in EEG
55.99336767196655,62.83200141213332,56.00229954719544,,High Variability in EEG
56.11395120620728,63.42156506276768,56.03340792655945,,High Variability in EEG
56.214481353759766,63.85366589627408,56.20748901367188,,High Variability in EEG
56.32005453109741,60.063288905867765,56.24004292488098,,High Variability in EEG
56.42905282974243,60.745359371992144,56.42905282974243,,High Variability in EEG
56.52957367897034,61.362293904625794,56.604177713394165,,High Variability in EEG
56.63539385795593,61.98811841146094,56.63539385795593,,High Variability in EEG
56.7544903755188,62.64994077600947,56.84064722061157,,High Variability in EEG
56.85587763786316,63.16721108558292,56.85587763786316,,High Variability in EEG
56.9675874710083,63.677390850469614,56.88804173469544,,High Variability in EEG
57.079298973083496,64.11522921999241,57.079298973083496,,High Variability in EEG
57.1900577545166,60.52869246058776,57.26861190795898,,High Variability in EEG
57.31760621070862,61.31542597591447,57.30061149597168,,High Variability in EEG
57.4272518157959,61.96551394913018,57.47481870651245,,High Variability in EEG
57.5388720035553,54.37229556994676,57.50687336921692,,High Variability in EEG
57.6404402256012,63.11238662562258,57.67895603179932,,High Variability in EEG
57.75574159622192,63.64478062374268,57.71023082733154,,High Variability in EEG
57.8642852306366,64.07635079297522,57.88028025627136,,High Variability in EEG
57.99095726013184,60.56070156996669,57.92838168144226,,High Variability in EEG
58.1025505065918,61.24965395034638,58.1025505065918,,High Variability in EEG
58.213836431503296,61.91228785815534,58.293429136276245,,High Variability in EEG
58.34997963905335,66.23228933767611,58.356974840164185,,High Variability in EEG
58.45152449607849,62.8308173663331,58.49873661994934,,High Variability in EEG
58.56420993804932,63.69891228274985,58.5532021522522,,High Variability in EEG
58.6695761680603,64.11068347101724,58.68556666374207,,High Variability in EEG
58.77930331230164,60.51429701729756,58.71578907966614,,High Variability in EEG
58.88987803459168,61.19819453708123,58.873817443847656,,High Variability in EEG
59.00060486793518,61.85988232777738,58.96860766410828,,High Variability in EEG
59.1122100353241,62.49040465371941,59.14373207092285,,High Variability in EEG
59.22374653816223,63.07168438002806,59.17574644088745,,High Variability in EEG
59.33181309700012,63.57752127167426,59.34705400466919,,High Variability in EEG
59.45733046531677,64.08178605632934,59.38502025604248,,High Variability in EEG
59.56762313842773,60.46768148650914,59.56762313842773,,High Variability in EEG
59.677165269851685,61.14635180688393,59.75591993331909,,High Variability in EEG
59.82082724571228,62.00156799181538,59.78688859939575,,High Variability in EEG
59.92735385894776,64.72942047655121,59.97493433952332,,High Variability in EEG
60.03718090057373,58.39357073485349,60.0221598148346,,High Variability in EEG
60.14622616767883,64.73360355942276,60.16223120689392,,High Variability in EEG
60.26210427284241,68.49805380936499,60.19257116317749,,High Variability in EEG
60.36371755599976,70.0799394683919,60.36371755599976,,High Variability in EEG
60.47934913635254,53.27425243540131,60.39481472969055,,High Variability in EEG
60.584919691085815,62.61802135143923,60.584919691085815,,High Variability in EEG
60.696582317352295,56.27540398180745,60.77604126930237,,High Variability in EEG
60.80803990364075,63.7435332944628,60.80803990364075,,High Variability in EEG
60.93175029754639,60.61914266072429,61.01929497718811,,High Variability in EEG
61.04593205451965,64.07106169800414,61.04593205451965,,High Variability in EEG
61.15659737586975,63.95660246397527,61.236613035202026,,High Variability in EEG
61.26823592185974,61.14342290422984,61.26823592185974,,High Variability in EEG
61.37977576255798,61.81223262098359,61.44289660453797,,High Variability in EEG
61.50657844543457,62.52868580131634,61.50657844543457,,High Variability in EEG
61.621108293533325,63.12120280161141,61.64864444732666,,High Variability in EEG
61.72918105125427,63.62132224404337,61.7151141166687,,High Variability in EEG
61.83865332603455,64.05989325854547,61.85418748855591,,High Variability in EEG
61.94872069358826,60.42871697965939,61.91818118095398,,High Variability in EEG
62.05926179885864,61.11435532368444,62.05926179885864,,High Variability in EEG
62.1758451461792,61.81395682479143,62.09125852584839,,High Variability in EEG
62.28179931640625,62.41644574793447,62.28179931640625,,High Variability in EEG
62.393107652664185,55.73587613236233,62.32284927368164,,High Variability in EEG
62.50866174697876,63.54997691653154,62.5036678314209,,High Variability in EEG
62.6231837272644,64.01825150500804,62.72273373603821,,High Variability in EEG
62.73874616622925,60.39271633668397,62.73874616622925,,High Variability in EEG
62.848779916763306,53.583078157805886,62.92878460884094,,High Variability in EEG
62.99238872528076,61.934930631489536,62.960391998291016,,High Variability in EEG
63.10292887687683,62.55466440478766,63.13494086265564,,High Variability in EEG
63.23857140541077,63.246726429029565,63.165573835372925,,High Variability in EEG
63.3395471572876,63.70182410495848,63.38720202445984,,High Variability in EEG
63.44913458824158,64.12816848550658,63.4175865650177,,High Variability in EEG
63.56067514419556,60.556297105498366,63.59272432327271,,High Variability in EEG
63.6714186668396,61.240191253239786,63.63990688323975,,High Variability in EEG
63.78199315071106,61.899124263632814,63.79793787002564,,High Variability in EEG
63.89266538619995,62.52197755617136,63.82914924621582,,High Variability in EEG
64.00420880317688,63.10042630441433,64.00420880317688,,High Variability in EEG
64.11371850967407,63.6092269006385,64.02720880508423,,High Variability in EEG
64.22445487976074,67.739160753391,64.22445487976074,,High Variability in EEG
64.33698534965515,60.434605308847374,64.4117317199707,,High Variability in EEG
64.46125435829163,61.20400824170541,64.42773270606995,,High Variability in EEG
64.57276582717896,61.87001389049338,64.60077214241028,,High Variability in EEG
64.67738437652588,62.46175441097296,64.63787293434143,,High Variability in EEG
64.78796601295471,63.04083516916072,64.80391192436218,,High Variability in EEG
64.90650010108948,63.596186309865615,64.8514997959137,,High Variability in EEG
65.00989365577698,64.01595321665631,65.00989365577698,,High Variability in EEG
65.12045359611511,60.35752515211748,65.05945420265198,,High Variability in EEG
65.22111916542053,60.98386637077948,65.21911859512329,,High Variability in EEG
65.32567858695984,61.617656761107575,65.22911810874939,,High Variability in EEG
65.42721366882324,62.20652199083847,65.45134663581848,,High Variability in EEG
65.53040266036987,69.44940101010644,65.51440286636353,,High Variability in EEG
65.64076972007751,63.31722735593952,65.64076972007751,,High Variability in EEG
65.75609993934631,63.82274947242236,65.67255163192749,,High Variability in EEG
65.86369395256042,60.02774701181832,65.86369395256042,,High Variability in EEG
65.97384929656982,52.49194375009898,66.05227875709534,,High Variability in EEG
66.08423209190369,61.39467904905771,66.08423209190369,,High Variability in EEG
66.19475197792053,62.04596234496675,66.2571108341217,,High Variability in EEG
66.3194305896759,62.73277419393283,66.28743433952332,,High Variability in EEG
66.42916226387024,63.28238101066859,66.46069645881653,,High Variability in EEG
66.53981232643127,63.77346005862827,66.49280118942261,,High Variability in EEG
66.65092444419861,64.19328425450655,66.6669409275055,,High Variability in EEG
66.76848649978638,60.71031490347103,66.69894099235535,,High Variability in EEG
66.87320756912231,61.35360206818212,66.87320756912231,,High Variability in EEG
66.98471879959106,62.0126107759074,66.93720006942749,,High Variability in EEG
67.08627986907959,62.57880583881119,67.08024597167969,,High Variability in EEG
67.19592785835266,63.14273517443249,67.1233320236206,,High Variability in EEG
67.30145835876465,63.62934638445443,67.30145835876465,,High Variability in EEG
67.41165709495544,64.06933629121437,67.3221378326416,,High Variability in EEG
67.52325463294983,60.45444628691181,67.5382752418518,,High Variability in EEG
67.63041353225708,61.11881967945512,67.56941390037537,,High Variability in EEG
67.74044156074524,61.77979350318966,67.75559616088867,,High Variability in EEG
67.85162901878357,62.41318059976436,67.7716052532196,,High Variability in EEG
67.96053767204285,62.98806454774461,67.96053767204285,,High Variability in EEG
68.0721697807312,68.47410890637317,68.15169763565063,,High Variability in EEG
68.21596050262451,65.23585841720254,68.19195365905762,,High Variability in EEG
68.32450342178345,60.488687171506,68.35613059997559,,High Variability in EEG
68.43420648574829,61.1678648111893,68.38718223571777,,High Variability in EEG
68.54577946662903,61.83581655939213,68.59229302406311,,High Variability in EEG
68.65600514411926,62.46037221184398,68.59229302406311,,High Variability in EEG
68.76558589935303,63.034580180924046,68.78153443336487,,High Variability in EEG
68.8781795501709,63.56463519140329,68.81653475761414,,High Variability in EEG
68.98770880699158,64.01198841599066,68.98770880699158,,High Variability in EEG
69.09895610809326,60.35519934830171,69.17667078971863,,High Variability in EEG
69.2247416973114,61.13582950508743,69.2247416973114,,High Variability in EEG
69.33528423309326,61.799115241381045,69.38199377059937,,High Variability in EEG
69.48750972747803,62.65326380322724,69.41399383544922,,High Variability in EEG
69.60190176963806,63.23300334202227,69.64791488647461,,High Variability in EEG
69.70944285392761,63.71740202669728,69.6634418964386,,High Variability in EEG
69.81996440887451,59.95175680726105,69.83596801757812,,High Variability in EEG
69.93158841133118,60.58573386086651,69.86759066581726,,High Variability in EEG
70.04066228866577,61.25872192921137,70.04066228866577,,High Variability in EEG
70.15206599235535,61.92162433876433,70.08903503417969,,High Variability in EEG
70.2612795829773,62.535075579925895,70.2612795829773,,High Variability in EEG
70.37151908874512,63.10590750766315,70.30836987495422,,High Variability in EEG
70.49062538146973,63.65546622350948,70.51562166213989,,High Variability in EEG
70.59137010574341,64.05693816611156,70.65498065948486,,High Variability in EEG
70.72010064125061,60.54039098256388,70.68610000610352,,High Variability in EEG
70.82962584495544,61.21726080803655,70.87215995788574,,High Variability in EEG
70.93615555763245,61.85363970117754,70.920156955719,,High Variability in EEG
71.04772758483887,62.48439233028376,71.06325721740723,,High Variability in EEG
71.15878200531006,63.063818522520535,71.11225414276123,,High Variability in EEG
71.27032208442688,63.585799279470365,71.27032208442688,,High Variability in EEG
71.38512015342712,64.04948891658043,71.33556079864502,,High Variability in EEG
71.49164032936096,60.388782577142095,71.33556079864502,,High Variability in EEG
71.6000189781189,61.06198795467417,71.67868638038635,,High Variability in EEG
71.7107789516449,61.72957040274584,71.7107789516449,,High Variability in EEG
71.82030916213989,62.356890996642335,71.8832483291626,,High Variability in EEG
71.95027661323547,63.04252308284084,71.94227147102356,,High Variability in EEG
72.05736351013184,63.547343317228,72.08935880661011,,High Variability in EEG
72.17000985145569,64.0089955546486,72.14442729949951,,High Variability in EEG
72.28036522865295,60.3446085997386,72.29546928405762,,High Variability in EEG
72.39397764205933,61.05083484010915,72.34846377372742,,High Variability in EEG
72.50119018554688,61.69791359052807,72.50119018554688,,High Variability in EEG
72.61274266242981,62.33835400442159,72.69234800338745,,High Variability in EEG
72.72438406944275,62.93337524154375,72.72438406944275,,High Variability in EEG
72.83492994308472,63.46579625789532,72.897469997406,,High Variability in EEG
72.96406269073486,64.0090340199794,72.92952394485474,Cognitive,High Variability in EEG
73.07259464263916,53.8374067445653,73.1039400100708,Cognitive,High Variability in EEG
73.18384170532227,59.72506638207453,73.13594675064087,Cognitive,High Variability in EEG
73.2933657169342,61.77123163739819,73.30836343765259,Cognitive,High Variability in EEG
73.40203309059143,63.51011464031763,73.34453272819519,Cognitive,High Variability in EEG
73.51303744316101,70.06780690987705,73.51303744316101,Cognitive,High Variability in EEG
73.62364602088928,59.970298021005526,73.57364630699158,Cognitive,High Variability in EEG
73.72518110275269,69.30891004686781,73.76434874534607,Cognitive,High Variability in EEG
73.8285162448883,54.29016914222722,73.79651880264282,Cognitive,High Variability in EEG
73.94204807281494,67.79670334899194,73.97058629989624,Cognitive,High Variability in EEG
74.04971814155579,56.317174927535234,74.03370451927185,Cognitive,High Variability in EEG
74.1598870754242,63.98826639571854,74.17589402198792,Cognitive,High Variability in EEG
74.27141857147217,61.99337448924597,74.2118890285492,Cognitive,High Variability in EEG
74.38296890258789,62.96931381891976,74.38296890258789,Cognitive,High Variability in EEG
74.49949431419373,57.12566429319061,74.44807815551758,Cognitive,High Variability in EEG
74.60419034957886,58.202108669523184,74.60419034957886,Cognitive,High Variability in EEG
74.71482253074646,68.38797298556901,74.64430642127991,Cognitive,High Variability in EEG
74.82460904121399,53.39255007595685,74.82460904121399,,High Variability in EEG
74.93713188171387,61.98188627733637,74.99872851371765,,High Variability in EEG
75.06427264213562,69.4915826132833,75.03072953224182,,High Variability in EEG
75.17680883407593,60.37227150160019,75.20397615432739,,High Variability in EEG
75.28555059432983,61.60880449355204,75.2715482711792,,High Variability in EEG
75.39509558677673,67.73675301802082,75.4111487865448,,High Variability in EEG
75.51633787155151,67.33510843514404,75.443190574646,,High Variability in EEG
75.62896847724915,65.99624987908568,75.62896847724915,,High Variability in EEG
75.75652575492859,55.33492415060372,75.6614944934845,,High Variability in EEG
75.86655926704407,55.40651569878683,75.86655926704407,,High Variability in EEG
75.97727966308594,68.83289102965756,75.91772079467773,,High Variability in EEG
76.08889389038086,63.772574575632575,76.07289433479309,,High Variability in EEG
76.20349311828613,64.20444635365129,76.26305079460144,,High Variability in EEG
76.32956767082214,60.78352664040294,76.2950451374054,,High Variability in EEG
76.43707942962646,61.44152932069037,76.48459815979004,,High Variability in EEG
76.57415461540222,62.24082318744274,76.51659154891968,,High Variability in EEG
76.68887901306152,60.89844540816658,76.73487877845764,,High Variability in EEG
76.7994155883789,63.40007183843338,76.78441309928894,,High Variability in EEG
76.90795660018921,63.86697434385584,76.92394995689392,,High Variability in EEG
77.03446841239929,60.21572567083487,76.95596218109131,,High Variability in EEG
77.13517308235168,61.19035788579447,77.13118100166321,,High Variability in EEG
77.24205207824707,61.49677048847552,77.16280364990234,,High Variability in EEG
77.3521831035614,66.67830000446163,77.3521831035614,,High Variability in EEG
77.46284341812134,62.74626676693652,77.38632297515869,,High Variability in EEG
77.59837079048157,63.41469706611266,77.59837079048157,,High Variability in EEG
77.71835708618164,63.924573129174334,77.77689671516418,,High Variability in EEG
77.82595038414001,60.18877548504617,77.8178939819336,,High Variability in EEG
77.93642711639404,60.87838442175773,77.9654815196991,,High Variability in EEG
78.04559302330017,61.54325786501049,77.9975962638855,,High Variability in EEG
78.15822076797485,62.19869246813549,78.21974682807922,,High Variability in EEG
78.2677948474884,62.79426630468687,78.2677948474884,,High Variability in EEG
78.38132572174072,63.35541695586821,78.41133189201355,,High Variability in EEG
78.48990964889526,63.82847094327255,78.4593300819397,,High Variability in EEG
78.59961485862732,60.049897796149466,78.61461591720581,,High Variability in EEG
78.71652841567993,60.78127308216206,78.67852187156677,,High Variability in EEG
78.81911754608154,61.409696269228256,78.81911754608154,,High Variability in EEG
78.92963743209839,62.06022758121003,78.86763620376587,,High Variability in EEG
79.04119372367859,62.67658797149562,79.04119372367859,,High Variability in EEG
79.1527955532074,63.24065184014737,79.23131704330444,,High Variability in EEG
79.2625470161438,63.7333596394082,79.2625470161438,,High Variability in EEG
79.37533617019653,64.16575174491938,79.43734431266785,,High Variability in EEG
79.50089716911316,60.710409303520805,79.46888399124146,,High Variability in EEG
79.61247110366821,61.39509345365411,79.64440321922302,,High Variability in EEG
79.72214484214783,62.0415060571276,79.67514491081238,,High Variability in EEG
79.82367038726807,62.60564376555398,79.86173629760742,,High Variability in EEG
79.92437481880188,63.12340017856588,79.91030836105347,,High Variability in EEG
80.04017448425293,63.65654777955927,79.91030836105347,,High Variability in EEG
80.14472150802612,64.07177719537609,80.25552582740784,,High Variability in EEG
80.25552582740784,60.45366750516426,80.25552582740784,,High Variability in EEG
80.36681127548218,61.14331381664989,80.2872064113617,,High Variability in EEG
80.47767400741577,61.80816109403092,80.47767400741577,,High Variability in EEG
80.58930921554565,62.44220841961781,80.66585969924927,,High Variability in EEG
80.69615268707275,63.00426000511705,80.69615268707275,,High Variability in EEG
80.80993056297302,63.54311332200003,80.87047743797302,,High Variability in EEG
80.91947150230408,63.99369692006705,80.90247774124146,,High Variability in EEG
81.02901816368103,60.31408121722318,81.07565021514893,,High Variability in EEG
81.1427972316742,61.02193170129522,81.10779738426208,,High Variability in EEG
81.24433732032776,57.93836932585474,81.28189206123352,,High Variability in EEG
81.3463933467865,62.22727889284206,81.31389045715332,,High Variability in EEG
81.45694732666016,62.82572623811459,81.48748564720154,,High Variability in EEG
81.57018661499023,63.38216964796575,81.51948690414429,,High Variability in EEG
81.67872714996338,63.85148356090451,81.69466352462769,,High Variability in EEG
81.79018807411194,53.17997737803651,81.72666573524475,,High Variability in EEG
81.89973592758179,60.78194657640396,81.89973592758179,,High Variability in EEG
82.01139879226685,61.46495555232669,81.94772982597351,,High Variability in EEG
82.17191672325134,62.39302988651748,82.19692397117615,,High Variability in EEG
82.28347110748291,62.98296771221612,82.3314688205719,,High Variability in EEG
82.38735818862915,63.47995203334685,82.38735818862915,,High Variability in EEG
82.4968421459198,63.93946394187534,82.5438380241394,,High Variability in EEG
82.62236976623535,60.32538291902924,82.57536482810974,,High Variability in EEG
82.73141574859619,61.00389810428375,82.77917098999023,,High Variability in EEG
82.84519004821777,61.69157920931273,82.81018924713135,,High Variability in EEG
82.95173215866089,62.30451093613118,82.98231410980225,,High Variability in EEG
83.06136631965637,62.892064302233166,83.01336693763733,,High Variability in EEG
83.17236852645874,55.94857732581619,83.1875512599945,,High Variability in EEG
83.28199315071106,63.898008606473184,83.21947312355042,,High Variability in EEG
83.39362668991089,60.17152757908804,83.39362668991089,,High Variability in EEG
83.50825047492981,60.88704388112179,83.43571329116821,,High Variability in EEG
83.61312246322632,61.525955892705504,83.61312246322632,,High Variability in EEG
83.7246446609497,62.17609765051782,83.80300831794739,,High Variability in EEG
83.85800409317017,62.89648721458816,83.84999823570251,,High Variability in EEG
83.96366763114929,63.41056034880285,83.99131798744202,,High Variability in EEG
84.07085919380188,63.870676128668,84.02331852912903,,High Variability in EEG
84.18044257164001,60.11526278753479,84.19638776779175,,High Variability in EEG
84.29191040992737,60.81203155314083,84.22838807106018,,High Variability in EEG
84.40243887901306,61.48726319275682,84.44960832595825,,High Variability in EEG
84.5142068862915,62.14088637927575,84.48120164871216,,High Variability in EEG
84.62685918807983,62.756986554062735,84.65593457221985,,High Variability in EEG
84.73383522033691,63.2911613735581,84.68683552742004,,High Variability in EEG
84.84528088569641,63.78436358994882,84.86046409606934,,High Variability in EEG
84.95504808425903,64.19774440014993,84.9240472316742,,High Variability in EEG
85.06421971321106,60.66622132813163,85.06421971321106,,High Variability in EEG
85.17503023147583,61.3475785219813,85.09550762176514,,High Variability in EEG
85.28661489486694,62.00730593133553,85.28661489486694,,High Variability in EEG
85.39792323112488,62.6261512540896,85.47587871551514,,High Variability in EEG
85.50714612007141,63.18360911501294,85.50714612007141,,High Variability in EEG
85.61570477485657,63.67835994074013,85.6790041923523,,High Variability in EEG
85.73506331443787,64.14312876921075,85.74305939674377,,High Variability in EEG
85.8386001586914,60.5327700926777,85.88712453842163,,High Variability in EEG
85.95312452316284,61.24027671122732,85.92811822891235,,High Variability in EEG
86.0616729259491,61.88742237886338,86.09220910072327,,High Variability in EEG
86.17193579673767,62.50882740642111,86.12430167198181,,High Variability in EEG
86.2825300693512,63.08378310408611,86.29851961135864,,High Variability in EEG
86.39424705505371,63.60416418761699,86.34761333465576,,High Variability in EEG
86.49477648735046,64.0120780542058,86.50489234924316,,High Variability in EEG
86.61153030395508,60.38984982657683,86.53599452972412,,High Variability in EEG
86.72705459594727,61.1068607291044,86.74304604530334,,High Variability in EEG
86.83720254898071,61.76903188844245,86.77427554130554,,High Variability in EEG
86.94689011573792,62.39482371859374,86.94689011573792,,High Variability in EEG
87.05815958976746,62.98317053017534,86.97815179824829,,High Variability in EEG
87.1668028831482,63.50152795890479,87.1668028831482,,High Variability in EEG
87.27691388130188,63.9603574289289,87.35628318786621,,High Variability in EEG
87.41165280342102,60.41707870923776,87.38765907287598,,High Variability in EEG
87.51418852806091,61.05385320196497,87.56119537353516,,High Variability in EEG
87.62447452545166,61.71896260959845,87.59846782684326,,High Variability in EEG
87.73558592796326,62.35568396559496,87.7676010131836,,High Variability in EEG
87.84872698783875,62.956850070445455,87.79971837997437,,High Variability in EEG
87.9592707157135,63.486665405771504,87.97480058670044,,High Variability in EEG
88.08565402030945,64.00955684497524,88.00596952438354,,High Variability in EEG
88.19535851478577,60.34146651146003,88.19535851478577,,High Variability in EEG
88.30463981628418,61.02113350883828,88.38305735588074,,High Variability in EEG
88.41506505012512,61.68833905508447,88.41506505012512,,High Variability in EEG
88.51968097686768,62.29070237322816,88.59012842178345,,High Variability in EEG
88.64722108840942,62.9706101921463,88.64722108840942,,High Variability in EEG
88.74795389175415,63.454590522422016,88.84360885620117,,High Variability in EEG
88.85962009429932,63.92619608893652,88.85962009429932,,High Variability in EEG
88.96949481964111,60.20571622473681,89.04911041259766,,High Variability in EEG
89.08033752441406,60.89733309514338,89.08033752441406,,High Variability in EEG
89.19350934028625,61.58545190945123,89.25453472137451,,High Variability in EEG
89.3172812461853,62.30089207048748,89.31028127670288,,High Variability in EEG
89.4308214187622,65.22333377812875,89.4608223438263,,High Variability in EEG
89.53991317749023,63.43722001648536,89.49244594573975,,High Variability in EEG
89.64946579933167,63.903020610321,89.66548037528992,,High Variability in EEG
89.76673340797424,60.21490627174471,89.69672870635986,,High Variability in EEG
89.86835980415344,60.84937084351295,89.86835980415344,,High Variability in EEG
89.97845911979675,61.52080110344126,89.90792846679688,,High Variability in EEG
90.07900071144104,65.27923455756202,90.0724778175354,,High Variability in EEG
90.18394112586977,56.69857782792538,90.1042423248291,,High Variability in EEG
90.29310607910156,56.45256990851189,90.29310607910156,,High Variability in EEG
90.40364980697632,65.48808296706389,90.48236584663393,,High Variability in EEG
90.51236152648926,71.89064663701497,90.51236152648926,,High Variability in EEG
90.62896656990053,64.41398287443765,90.7325508594513,,High Variability in EEG
90.7325508594513,56.2815618034083,90.7325508594513,,High Variability in EEG
90.84618330001832,52.25006098924301,90.79718255996704,,High Variability in EEG
90.95270943641664,67.67752841659905,90.95270943641664,,High Variability in EEG
91.06259512901306,63.11050165120179,90.96807646751404,,High Variability in EEG
91.17313742637634,63.62258619755048,91.1887981891632,,High Variability in EEG
91.29849171638487,64.11836699530697,91.22079396247864,,High Variability in EEG
91.40903234481812,60.53282698734086,91.40903234481812,,High Variability in EEG
91.51862907409668,61.210315267375,91.44203114509584,,High Variability in EEG
91.62829279899596,61.86527218774801,91.62829279899596,,High Variability in EEG
91.73747634887695,62.48224435792705,91.8000874519348,,High Variability in EEG
91.86125612258913,63.12467904347405,91.84626293182372,,High Variability in EEG
91.97642159461977,63.65494727143051,92.00543355941772,,High Variability in EEG
92.08413815498352,72.15556954780321,92.03759145736694,,High Variability in EEG
92.194682598114,60.46953533967304,92.2106785774231,,High Variability in EEG
92.3056538105011,61.15690122566341,92.24714279174805,,High Variability in EEG
92.41518759727478,61.81339026458616,92.41518759727478,,High Variability in EEG
92.52889704704285,62.458460383522585,92.44636368751526,,High Variability in EEG
92.63544869422913,63.017680960477,92.63544869422913,,High Variability in EEG
92.74701142311096,63.54515161964672,92.82467341423036,,High Variability in EEG
92.85671544075012,63.9960525943185,92.86170792579652,,High Variability in EEG
92.96623349189758,60.31780977010484,93.02987837791444,,High Variability in EEG
93.11039590835573,61.21164073239338,93.06088066101074,,High Variability in EEG
93.22094750404358,61.87171414651741,93.28481984138487,,High Variability in EEG
93.3518168926239,62.605517603696896,93.31682181358336,,High Variability in EEG
93.4623453617096,63.171247756092505,93.49090766906738,,High Variability in EEG
93.57022023200987,63.6645755444418,93.55606508255003,,High Variability in EEG
93.68070840835573,61.88617147255617,93.71170544624329,,High Variability in EEG
93.80923986434937,60.61324294564771,93.75470232963562,,High Variability in EEG
93.91644096374512,61.2741450889069,93.91644096374512,,High Variability in EEG
94.0259952545166,53.67762357923924,94.11867785453796,,High Variability in EEG
94.12667798995972,62.49247797134416,94.11867785453796,,High Variability in EEG
94.2282531261444,72.72923934302194,94.1406786441803,,High Variability in EEG
94.344735622406,63.57240401089656,94.3217387199402,,High Variability in EEG
94.45226430892944,64.01110606899566,94.50881838798524,,High Variability in EEG
94.56281876564026,60.3493797451906,94.53681802749634,,High Variability in EEG
94.66637110710144,60.99364481005566,94.69712543487547,,High Variability in EEG
94.77621340751648,55.69520532654647,94.745130777359,,High Variability in EEG
94.88430285453796,62.28189662301972,94.9002947807312,,High Variability in EEG
95.00176787376404,62.91141042760598,94.9222948551178,,High Variability in EEG
95.10330414772034,63.40499835459991,95.10330414772034,,High Variability in EEG
95.21306157112122,63.87606602755096,95.11847138404846,,High Variability in EEG
95.31460928916933,60.07330155035773,95.33959341049194,,High Variability in EEG
95.41715359687804,60.7151478531625,95.37361645698547,,High Variability in EEG
95.52779817581175,61.39408604319672,95.52779817581175,,High Variability in EEG
95.63864874839784,62.04729580580713,95.55811858177184,,High Variability in EEG
95.74727129936218,62.64898035229577,95.74727129936218,,High Variability in EEG
95.86191844940186,63.23037087718681,95.92044281959534,,High Variability in EEG
95.96778869628906,72.36587228499286,95.96778869628906,,High Variability in EEG
96.07731533050536,64.13318615754574,96.14000272750854,,High Variability in EEG
96.19948720932008,60.63146549536325,96.17194437980652,,High Variability in EEG
96.31661057472228,61.35202063297256,96.36059641838074,,High Variability in EEG
96.42422246932983,69.28037810953336,96.376708984375,,High Variability in EEG
96.52485394477844,62.55135166235591,96.54985737800598,,High Variability in EEG
96.63062167167664,63.09869768386028,96.59761261940002,,High Variability in EEG
96.737163066864,63.59476477677545,96.76822066307068,,High Variability in EEG
96.84774494171144,64.04149132125619,96.78373956680298,,High Variability in EEG
96.95921802520752,60.406238982338174,96.95921802520752,,High Variability in EEG
97.07199096679688,54.04912537824265,96.98997831344604,,High Variability in EEG
97.17252039909364,61.711581209522016,97.1655170917511,,High Variability in EEG
97.27911972999571,56.82069628044038,97.23113703727722,,High Variability in EEG
97.38740634918211,62.90279392292285,97.38740634918211,,High Variability in EEG
97.49604678153992,63.42985068304347,97.4524028301239,,High Variability in EEG
97.6057472229004,63.89725743616555,97.62165069580078,,High Variability in EEG
97.71538066864014,60.15777114352554,97.65264844894408,,High Variability in EEG
97.8179190158844,60.79862854495594,97.8398642539978,,High Variability in EEG
97.9195728302002,61.42091698960848,97.87202835083008,,High Variability in EEG
98.02127075195312,62.02030563203378,98.04632091522215,,High Variability in EEG
98.12399959564208,62.59228242165457,98.10894560813904,,High Variability in EEG
98.23356103897096,63.15454397925604,98.26556301116943,,High Variability in EEG
98.3440763950348,63.66118697278499,98.2815670967102,,High Variability in EEG
98.45561170578004,64.10100132497122,98.45561170578004,,High Variability in EEG
98.56785583496094,60.51315154992352,98.491849899292,,High Variability in EEG
98.67713022232056,61.18914192181831,98.70781946182252,,High Variability in EEG
98.78733444213869,61.848175760750046,98.7577784061432,,High Variability in EEG
98.8978545665741,62.47354486550475,98.8978545665741,,High Variability in EEG
99.00936675071716,63.05621411951807,98.95684599876404,,High Variability in EEG
99.12007808685304,63.57545362072481,99.12007808685304,,High Variability in EEG
99.23161840438844,57.930393235888495,99.30913472175598,,High Variability in EEG
99.35913920402528,60.485070939980496,99.32514333724976,,High Variability in EEG
99.46973824501038,67.72012454688726,99.49991869926453,,High Variability in EEG
99.60027265548706,61.94793976620516,99.53273010253906,,High Variability in EEG
99.71079850196838,62.5667135638033,99.75394630432127,,High Variability in EEG
99.81947135925292,63.126975318173535,99.76993870735168,,High Variability in EEG
99.92699718475342,63.62405006509292,99.95800352096558,,High Variability in EEG
100.03576278686523,64.05961074095617,99.9812331199646,,High Variability in EEG
100.1432933807373,60.412352903988335,100.15849328041077,,High Variability in EEG
100.2691535949707,61.19203411597916,100.18916034698486,,High Variability in EEG
100.37986063957214,61.85387662804236,100.37986063957214,,High Variability in EEG
100.48900103569032,62.47134408718373,100.4129400253296,,High Variability in EEG
100.6003963947296,63.05363023747904,100.6003963947296,,High Variability in EEG
100.71197772026062,63.576991565879965,100.77325367927553,,High Variability in EEG
100.83934926986694,64.08806778616659,100.80534768104552,,High Variability in EEG
100.94799089431764,60.46819895782143,100.97999715805054,,High Variability in EEG
101.05862188339232,61.15351449444402,101.04061722755432,,High Variability in EEG
101.16936159133913,61.8172090276708,101.18534207344057,,High Variability in EEG
101.28532099723816,62.47432182498612,101.2452516555786,,High Variability in EEG
101.39127135276794,63.029194073228,101.39127135276794,,High Variability in EEG
101.50485920906068,63.56426735770687,101.42231845855711,,High Variability in EEG
101.61229181289671,64.00379762759282,101.61229181289671,,High Variability in EEG
101.72485375404358,60.349772173195056,101.6282832622528,,High Variability in EEG
101.82650566101074,60.98232586187305,101.84950041770936,,High Variability in EEG
101.92780780792236,61.59678703597616,101.91480708122252,,High Variability in EEG
102.03742289543152,62.23226600115588,102.05334734916688,Auditory,High Variability in EEG
102.14891481399536,66.25688237564385,102.1198992729187,Auditory,High Variability in EEG
102.2604386806488,53.72900359188464,102.2604386806488,Auditory,High Variability in EEG
102.37502527236938,67.5933191514618,102.32801461219788,Auditory,High Variability in EEG
102.4816792011261,61.53709697587173,102.4816792011261,Auditory,High Variability in EEG
102.59073948860168,55.57762968096027,102.49719262123108,Auditory,High Variability in EEG
102.70039057731628,60.5508114125932,102.7163908481598,Auditory,High Variability in EEG
102.81575417518616,53.22209414483558,102.7163908481598,Auditory,High Variability in EEG
102.91701364517212,68.82018817248179,102.92001628875732,Auditory,High Variability in EEG
103.03053426742554,57.387303687701966,102.96801686286926,Auditory,High Variability in EEG
103.14019393920898,68.01006396818032,103.14019393920898,Auditory,High Variability in EEG
103.25004506111144,64.98018854429978,103.31214809417725,Auditory,High Variability in EEG
103.3731484413147,51.26854559915234,103.3731484413147,Auditory,High Variability in EEG
103.49023962020874,51.9770381099064,103.5172357559204,Auditory,High Variability in EEG
103.59697580337524,63.99024377457987,103.58246517181396,Auditory,High Variability in EEG
103.7065291404724,58.58664884307513,103.72252011299132,Auditory,High Variability in EEG
103.83116483688354,66.86187150423117,103.81116724014282,Auditory,High Variability in EEG
103.94323325157166,66.59083115065508,103.97524857521056,Auditory,High Variability in EEG
104.05419945716858,64.19964873948736,104.0062026977539,,High Variability in EEG
104.16474103927612,60.67822539083028,104.17995834350586,,High Variability in EEG
104.27518844604492,61.3570467496851,104.24512672424316,,High Variability in EEG
104.3867483139038,62.01616547406635,104.3867483139038,,High Variability in EEG
104.50429821014404,62.66763262114013,104.41877436637878,,High Variability in EEG
104.60816502571106,63.19534555598384,104.62417435646056,,High Variability in EEG
104.71971535682678,63.7013304450591,104.64016890525818,,High Variability in EEG
104.83126640319824,64.13470432038568,104.83126640319824,,High Variability in EEG
104.94278693199158,60.56770184117915,104.878271818161,,High Variability in EEG
105.08421325683594,54.19769021882549,105.05219793319702,,High Variability in EEG
105.19729137420654,52.39878976535552,105.22628784179688,,High Variability in EEG
105.30611538887024,64.87770835974395,105.28940773010254,,High Variability in EEG
105.41656947135924,63.66435090073761,105.43257212638856,,High Variability in EEG
105.5172061920166,73.12600816541999,105.46469902992249,,High Variability in EEG
105.62373280525208,67.19324221921684,105.63973617553712,,High Variability in EEG
105.73330211639404,54.278118205416135,105.70424365997314,,High Variability in EEG
105.84477376937866,51.83906936443662,105.84477376937866,,High Variability in EEG
105.9964883327484,65.4191971895217,106.08351612091064,,High Variability in EEG
106.09904456138612,62.68460010015625,106.09904456138612,,High Variability in EEG
106.2105917930603,63.24761297517998,106.29060196876526,,High Variability in EEG
106.32211995124815,63.746839443460544,106.32211995124815,,High Variability in EEG
106.43271231651306,64.16934658278527,106.49536752700806,,High Variability in EEG
106.56936240196228,60.78573294425861,106.5273597240448,,High Variability in EEG
106.68490386009216,61.49189925116306,106.73143315315248,,High Variability in EEG
106.79513740539552,62.13656332064957,106.76359295845032,,High Variability in EEG
106.90668058395386,62.747173225584085,106.93867993354796,,High Variability in EEG
107.01949095726012,63.30986947721265,107.0014877319336,,High Variability in EEG
107.12804317474364,63.78875588641306,107.1432421207428,,High Variability in EEG
107.24926710128784,60.89187096404811,107.17324328422546,,High Variability in EEG
107.36205506324768,60.76660333897885,107.36205506324768,,High Variability in EEG
107.47359228134157,61.44934421454959,107.55219411849976,,High Variability in EEG
107.5822069644928,62.086983794673785,107.5822069644928,,High Variability in EEG
107.6909203529358,62.68632965960489,107.75318002700806,,High Variability in EEG
107.80971574783324,63.28365236557478,107.81671094894408,,High Variability in EEG
107.9103033542633,63.73280133507827,107.95753860473631,,High Variability in EEG
108.02106499671936,64.15822716223677,108.01306653022766,,High Variability in EEG
108.12965607643127,60.59123146206509,108.16083312034608,,High Variability in EEG
108.2404124736786,61.274306471418136,108.21035480499268,,High Variability in EEG
108.35300421714784,61.94336713158906,108.41458129882812,,High Variability in EEG
108.46358942985536,54.15087907538387,108.4305818080902,,High Variability in EEG
108.5731601715088,63.1277938253073,108.54715490341188,,High Variability in EEG
108.68395566940308,63.63889308685759,108.6559555530548,,High Variability in EEG
108.79615688323976,64.08466604239591,108.79615688323976,,High Variability in EEG
108.90975642204285,60.493330470651,108.82817363739014,,High Variability in EEG
109.01730680465698,61.15924841179636,109.01730680465698,,High Variability in EEG
109.11839580535889,61.76609912567544,109.19142580032349,,High Variability in EEG
109.22259664535522,62.36174257171701,109.22259664535522,,High Variability in EEG
109.33514189720154,62.95937003191385,109.3968222141266,,High Variability in EEG
109.45387601852416,63.52558285831346,109.45387601852416,,High Variability in EEG
109.55642414093018,68.40316899967371,109.60413599014282,,High Variability in EEG
109.67019033432008,60.27194664077157,109.65619015693665,,High Variability in EEG
109.7797465324402,60.954547497532,109.79475736618042,,High Variability in EEG
109.88740754127502,61.60781277933715,109.8253939151764,,High Variability in EEG
109.99738669395448,62.244720565408194,109.99738669395448,,High Variability in EEG
110.10712695121764,62.83758496112655,110.02760338783264,,High Variability in EEG
110.21575164794922,63.37139821795559,110.21575164794922,,High Variability in EEG
110.31643223762512,63.81036121490979,110.25474858283997,,High Variability in EEG
110.41715168952942,64.18854723592797,110.40225648880003,,High Variability in EEG
110.52771210670473,60.65813451013398,110.45122838020325,,High Variability in EEG
110.62892532348631,61.281528035054,110.6379747390747,,High Variability in EEG
110.73360872268675,61.90439640532513,110.7056119441986,,High Variability in EEG
110.84324407577516,62.52127551314874,110.84324407577516,,High Variability in EEG
110.95448064804076,63.09827479115836,110.87384462356567,,High Variability in EEG
111.06317186355592,63.60376591119488,111.06317186355592,,High Variability in EEG
111.17271041870116,64.045264068918,111.25126051902772,,High Variability in EEG
111.2882719039917,60.43822494085865,111.2882719039917,,High Variability in EEG
111.39331197738647,61.08995112432201,111.4568419456482,,High Variability in EEG
111.51437401771544,61.81686474480138,111.48884654045104,,High Variability in EEG
111.63356876373292,62.49164499197525,111.66156888008118,,High Variability in EEG
111.74211859703064,63.05798754304254,111.69357490539552,,High Variability in EEG
111.8527410030365,69.30516574342192,111.86792135238647,,High Variability in EEG
111.96316695213318,64.02553364614276,111.93315887451172,,High Variability in EEG
112.06468868255617,60.31694605595635,112.08970594406128,,High Variability in EEG
112.17622947692873,61.010971693924986,112.10523295402528,,High Variability in EEG
112.27997398376463,61.638968080535626,112.27997398376463,,High Variability in EEG
112.39152574539185,62.28289999356232,112.31651377677916,,High Variability in EEG
112.50281810760498,62.88071250943907,112.50281810760498,,High Variability in EEG
112.64726734161376,63.57114268944285,112.74113059043884,,High Variability in EEG
112.75712847709656,64.01876648131235,112.75712847709656,,High Variability in EEG
112.8679132461548,60.3636460665265,112.94651079177856,,High Variability in EEG
112.9787139892578,61.05222170484304,112.9787139892578,,High Variability in EEG
113.09381079673769,61.7457537163038,113.15339589118958,,High Variability in EEG
113.21709489822388,62.447813166490285,113.18554782867432,,High Variability in EEG
113.33164238929749,63.047906720226976,113.36169004440308,,High Variability in EEG
113.4323706626892,63.52389354331999,113.39284920692444,,High Variability in EEG
113.53694343566896,63.958300085865645,113.56595826148988,,High Variability in EEG
113.64753556251526,60.26235685973702,113.5980110168457,,High Variability in EEG
113.75308990478516,60.92041668028121,113.784414768219,,High Variability in EEG
113.86271381378174,61.58657339582232,113.81565403938292,,High Variability in EEG
113.9731945991516,70.97586661538743,114.00473713874815,,High Variability in EEG
114.0989592075348,62.16228956092216,114.01994371414185,,High Variability in EEG
114.19917225837708,63.39244110636557,114.19425177574158,,High Variability in EEG
114.30544924736024,63.85131783634881,114.23573422431946,,High Variability in EEG
114.41647529602052,64.45405276573551,114.41647529602052,,High Variability in EEG
114.52557420730592,60.77620492609337,114.4315938949585,,High Variability in EEG
114.63710927963255,61.45862850323184,114.63710927963255,,High Variability in EEG
114.7486023902893,62.11220494262384,114.81089687347412,,High Variability in EEG
114.88621783256532,62.860523978224506,114.84221029281616,,High Variability in EEG
115.0027711391449,63.42838970135115,115.06282544136047,,High Variability in EEG
115.11051082611084,63.88826638847269,115.09397220611572,,High Variability in EEG
115.2201886177063,60.14372752857391,115.26817440986632,,High Variability in EEG
115.33172917366028,60.84056814081906,115.300194978714,,High Variability in EEG
115.4435522556305,61.52261116004983,115.4737777709961,,High Variability in EEG
115.5542824268341,62.16845283444022,115.50528192520142,,High Variability in EEG
115.66386890411376,62.76639142732079,115.67986726760864,,High Variability in EEG
115.77340888977052,63.31173292064515,115.71141147613524,,High Variability in EEG
115.88418221473694,63.799465628205766,115.88418221473694,,High Variability in EEG
115.99790596961977,60.03029089518474,115.91491103172302,,High Variability in EEG
116.10495686531068,60.700597402543984,116.10495686531068,,High Variability in EEG
116.21549987792967,61.3793502599477,116.29550790786745,,High Variability in EEG
116.32703638076782,62.03723071787731,116.32703638076782,,High Variability in EEG
116.43955898284912,53.74738898357037,116.5005657672882,,High Variability in EEG
116.56709814071657,63.30190446007816,116.53809571266174,,High Variability in EEG
116.67562627792358,63.781721181497154,116.70625257492064,,High Variability in EEG
116.78672862052916,64.20010542176678,116.764728307724,,High Variability in EEG
116.89348292350768,60.65547554357056,116.90867161750792,,High Variability in EEG
117.0451889038086,61.58285587108372,116.95559549331664,,High Variability in EEG
117.1607382297516,62.2524591110744,117.1607382297516,,High Variability in EEG
117.27227878570557,62.854010641419,117.35180521011353,,High Variability in EEG
117.4160749912262,63.54536177276759,117.4150755405426,,High Variability in EEG
117.5238287448883,63.98885459152717,117.55582475662231,,High Variability in EEG
117.63442254066469,62.76234775976135,117.61941957473756,,High Variability in EEG
117.74493074417114,61.00037337108589,117.76093482971191,,High Variability in EEG
117.85552763938904,61.6693892899345,117.79299354553224,,High Variability in EEG
117.95706033706664,62.2555300820697,117.96619749069214,,High Variability in EEG
118.0602388381958,62.81355637070466,117.9967041015625,,High Variability in EEG
118.16078567504884,63.31198119881334,118.16994833946228,,High Variability in EEG
118.26345920562744,63.76640456996486,118.20094347000122,,High Variability in EEG
118.37210750579834,64.17894366483422,118.37210750579834,,High Variability in EEG
118.48184752464294,70.336432345981,118.40232849121094,,High Variability in EEG
118.58944487571716,61.29835722248004,118.58944487571716,,High Variability in EEG
118.69903421401978,61.94891466196792,118.60997080802916,,High Variability in EEG
118.81378054618835,62.5903392473873,118.79356789588928,,High Variability in EEG
118.92229533195496,63.14767263104177,118.983314037323,,High Variability in EEG
119.04104685783386,63.69026957738727,119.0150501728058,,High Variability in EEG
119.14359164237976,64.09321311697205,119.23714780807497,,High Variability in EEG
119.2523467540741,60.47781397761425,119.2523467540741,,High Variability in EEG
119.36295199394226,61.16275477175129,119.44141030311584,,High Variability in EEG
119.47263216972352,61.8198563421452,119.47263216972352,,High Variability in EEG
119.58256912231444,62.4438476278061,119.64412426948547,,High Variability in EEG
119.70874524116516,63.10193554882648,119.67622327804564,,High Variability in EEG
119.82030391693117,63.6194525415742,119.85030722618104,,High Variability in EEG
119.92180943489076,64.02886844810828,119.88230681419373,,High Variability in EEG
120.02834939956664,60.20768485725618,120.0564455986023,,High Variability in EEG
120.13596653938292,54.43850818515894,120.11996746063232,,High Variability in EEG
120.24693703651428,70.32913982500462,120.2629406452179,,High Variability in EEG
120.3754575252533,60.21730409752148,120.32445764541626,,High Variability in EEG
120.4830391407013,70.89365759968636,120.4830391407013,,High Variability in EEG
120.59326076507568,64.77020298015734,120.5031807422638,,High Variability in EEG
120.7374050617218,72.19771870631723,120.7374050617218,,High Variability in EEG
120.84695506095886,69.07980211329325,120.89010047912598,,High Variability in EEG
120.95367693901062,70.21330773078095,120.91467142105104,,High Variability in EEG
121.06427383422852,68.19617144281264,121.08026266098022,,High Variability in EEG
121.1748661994934,62.44794413823009,121.14486598968506,,High Variability in EEG
121.28539419174194,63.027968578512514,121.28539419174194,,High Variability in EEG
121.39793276786804,63.55855924727873,121.36191320419312,,High Variability in EEG
121.50747966766356,64.00688161213901,121.53802227973938,,High Variability in EEG
121.61753273010254,51.23996265457115,121.57402181625366,,High Variability in EEG
121.72603940963744,61.01412832443381,121.75803875923155,,High Variability in EEG
121.83668160438538,61.68288687993997,121.77320265769958,,High Variability in EEG
121.94638919830322,62.313961420849424,121.94638919830322,,High Variability in EEG
122.05692625045776,62.9053693774397,121.97736978530884,,High Variability in EEG
122.16847562789916,63.44542192369434,122.16847562789916,,High Variability in EEG
122.2796082496643,63.91625541479407,122.35917210578918,,High Variability in EEG
122.40817975997923,60.30703527426053,122.39917588233948,,High Variability in EEG
122.51629900932312,60.980172727161,122.59430027008057,,High Variability in EEG
122.63384509086607,61.69110131451272,122.59430027008057,,High Variability in EEG
122.73796033859252,62.29051587680688,122.7699658870697,,High Variability in EEG
122.84954738616943,62.88922017683469,122.80201530456544,,High Variability in EEG
122.96109342575072,63.43101976403858,122.97709369659424,,High Variability in EEG
123.07090020179749,63.89868193033671,123.00737190246582,,High Variability in EEG
123.1824984550476,60.17238299546713,123.1824984550476,,High Variability in EEG
123.29360389709473,53.13738346496355,123.22059321403503,,High Variability in EEG
123.4052324295044,61.546130858332575,123.4052324295044,,High Variability in EEG
123.53640007972716,62.30538896789277,123.64079642295836,,High Variability in EEG
123.64079642295836,62.86596546442591,123.64079642295836,,High Variability in EEG
123.75150990486144,63.40645242102373,123.6898946762085,,High Variability in EEG
123.86015057563782,63.87288470964874,123.86015057563782,,High Variability in EEG
123.97060322761536,65.410852909204,124.050146818161,,High Variability in EEG
124.11580443382265,61.02914220550655,124.08220171928406,,High Variability in EEG
124.22534084320068,61.69078495202036,124.2553482055664,,High Variability in EEG
124.326073884964,62.2713043199619,124.28555345535278,,High Variability in EEG
124.42860174179076,62.8247918725468,124.45987558364868,,High Variability in EEG
124.53862476348876,63.366421284128464,124.49008274078368,,High Variability in EEG
124.64681577682497,63.83643041067885,124.66282272338869,,High Variability in EEG
124.75845050811768,60.07441245971719,124.6939308643341,,High Variability in EEG
124.86808824539185,60.76032870435312,124.86808824539185,,High Variability in EEG
124.97930335998537,61.44132841987637,124.9338035583496,,High Variability in EEG
125.08591103553772,62.0678975106845,125.08591103553772,,High Variability in EEG
125.19749784469604,62.68385786005869,125.13643741607666,,High Variability in EEG
125.30818200111388,63.242819174120754,125.30818200111388,,High Variability in EEG
125.4192681312561,63.74082158834356,125.47927284240724,,High Variability in EEG
125.52085494995116,64.13274469882559,125.5167796611786,,High Variability in EEG
125.63438177108765,60.57676616670839,125.6823797225952,,High Variability in EEG
125.74709892272948,53.09242083427074,125.7380747795105,,High Variability in EEG
125.84862875938416,61.87706090410787,125.92116141319276,,High Variability in EEG
125.97865533828735,62.60592049971513,125.96264457702635,,High Variability in EEG
126.08818769454956,63.16677198871911,126.13570618629456,,High Variability in EEG
126.1979169845581,63.66856316577476,126.1979169845581,,High Variability in EEG
126.3084568977356,64.10362381287749,126.34019660949708,,High Variability in EEG
126.41948938369752,60.51014190050621,126.37225413322447,,High Variability in EEG
126.53102850914,70.31147069160754,126.54696679115295,,High Variability in EEG
126.64071083068848,57.36045001824917,126.57715892791748,,High Variability in EEG
126.7512559890747,62.48056570199542,126.76669335365295,,High Variability in EEG
126.86322855949402,63.06489425368615,126.7826898097992,,High Variability in EEG
126.97282099723816,63.57821076539511,126.97282099723816,,High Variability in EEG
127.08340287208556,64.0274574319897,127.02139806747437,,High Variability in EEG
127.19495558738708,60.38305145312379,127.19495558738708,,High Variability in EEG
127.3065116405487,61.07587616055248,127.36924815177916,,High Variability in EEG
127.43464350700378,61.84478359748885,127.40130472183228,,High Variability in EEG
127.53622961044312,62.4214139583162,127.59134101867676,,High Variability in EEG
127.63901567459106,62.9647117495967,127.63801503181458,,High Variability in EEG
127.73974514007568,63.44927463803638,127.79784893989564,,High Variability in EEG
127.8474144935608,63.90601258565002,127.83041095733644,,High Variability in EEG
127.95808100700378,60.178249251143264,127.98906779289246,,High Variability in EEG
128.07023286819458,60.878375033329526,128.0202283859253,,High Variability in EEG
128.17639064788818,61.52526112215551,128.23891806602478,,High Variability in EEG
128.2869644165039,62.17007465955365,128.2869644165039,,High Variability in EEG
128.3985013961792,62.77809004326231,128.44602298736572,,High Variability in EEG
128.5091269016266,63.327345986168986,128.4771225452423,,High Variability in EEG
128.62029242515564,63.81459706067805,128.65030121803284,,High Variability in EEG
128.72802114486694,60.01596209675766,128.6805112361908,,High Variability in EEG
128.84061574935913,60.72089553182359,128.8706772327423,,High Variability in EEG
128.96650981903076,61.49138268588646,128.88595008850098,,High Variability in EEG
129.06759595870972,62.083967472942575,129.07463312149048,,High Variability in EEG
129.17414498329163,62.67204529571566,129.09063291549683,,High Variability in EEG
129.2806851863861,63.21224961548483,129.2806851863861,,High Variability in EEG
129.39142227172852,63.7126755813041,129.31391501426697,,High Variability in EEG
129.5010585784912,64.1374438836096,129.48505854606628,,High Variability in EEG
129.61272406578064,60.573450460097405,129.53369569778442,,High Variability in EEG
129.72428846359253,61.261898947631394,129.72428846359253,,High Variability in EEG
129.83590006828308,61.92586059869144,129.89880800247192,,High Variability in EEG
129.9592776298523,62.61529042037553,129.94428491592407,,High Variability in EEG
130.0720498561859,63.190966218749296,130.10317707061768,,High Variability in EEG
130.20072555541992,63.76907062872076,130.13471698760986,,High Variability in EEG
130.30924081802368,64.18071131063219,130.35490942001343,,High Variability in EEG
130.41976952552795,60.643740759329816,130.42177820205688,,High Variability in EEG
130.5303041934967,61.32405650479804,130.5933117866516,,High Variability in EEG
130.64140152931213,61.98211610848169,130.5933117866516,,High Variability in EEG
130.7529284954071,62.60390782276095,130.79604125022888,,High Variability in EEG
130.86271977424622,63.16620737567887,130.84562635421753,,High Variability in EEG
130.9681487083435,63.64965206520019,131.000150680542,,High Variability in EEG
131.07968068122864,64.09129251993942,131.0161635875702,,High Variability in EEG
131.18936705589294,60.480312975151705,131.18936705589294,,High Variability in EEG
131.3006706237793,51.31577689815198,131.21955561637878,,High Variability in EEG
131.40826797485352,61.81409012917772,131.40826797485352,,High Variability in EEG
131.51896810531616,62.44263073592675,131.59718132019043,,High Variability in EEG
131.65425419807434,63.14554184405395,131.65425419807434,,High Variability in EEG
131.75788927078247,63.62363282270198,131.8193871974945,,High Variability in EEG
131.86894845962524,64.06765381501584,131.86394691467285,,High Variability in EEG
131.97748041152954,60.432377363371785,132.0086007118225,,High Variability in EEG
132.08678483963013,61.11036194268006,132.06178331375122,,High Variability in EEG
132.19739055633545,61.77507809576177,132.21339511871338,,High Variability in EEG
132.31292939186096,62.4326825552344,132.26991295814514,,High Variability in EEG
132.41746520996094,62.98391094235411,132.4488513469696,,High Variability in EEG
132.52755689620972,63.50867585235051,132.4968478679657,,
132.63810801506042,63.96815109513193,132.63810801506042,,
132.7516348361969,60.29689956381716,132.6691074371338,,
132.85920882225037,60.96685230502787,132.85920882225037,,
132.97001576423645,61.63836891352796,133.04856252670288,,
133.11419558525083,62.46276911083119,133.11419558525083,,
133.2225902080536,63.03084405305731,133.2546010017395,,
133.33538365364075,63.5622201486988,133.29182839393616,,
133.44386529922485,64.00599723906454,133.45899629592896,,
133.55376935005188,60.33677810249953,133.5237159729004,,
133.66370582580566,61.02056168760376,133.66370582580566,,
133.77634930610657,61.70090251102791,133.69480919837952,,
133.88487935066223,62.32436824679839,133.88487935066223,,
133.99552536010742,62.91547748476526,133.93452644348145,,
134.11218357086182,63.4775545040446,134.1071698665619,,
134.2197253704071,63.929875129085005,134.28126287460327,,
134.32030725479126,60.153310107947775,134.31332230567932,,
134.435968875885,60.87552080317086,134.53518295288086,,
134.5502803325653,61.57121537170565,134.5502803325653,,
134.66081166267395,62.21327378522184,134.58227682113647,,
134.7754511833191,62.834003290162826,134.7754511833191,,
134.8829915523529,63.36314815705804,134.94610595703125,,
135.00526785850525,72.72947420024951,134.9782645702362,,
135.11987400054932,52.762441543958886,135.15055918693542,,
135.2301845550537,67.18849727103871,135.1826605796814,,
135.33872413635254,69.07232295863781,135.35484099388125,,
135.45737862586975,52.95444102698117,135.40385389328003,,
135.55916953086853,71.2863192388768,135.55916953086853,,
135.6697723865509,72.21950794961624,135.7475128173828,,
135.7865550518036,61.02986046562255,135.7865550518036,,
135.89118123054504,52.9529142072927,135.95371413230896,,
136.01777863502502,60.81520495229824,136.01077437400818,,
136.11838936805725,61.43073416625021,136.15994691848755,,
136.22418355941772,62.05316486693573,136.19518542289734,,
136.3332908153534,62.65701742714907,136.19518542289734,,
